{
  "hash": "440d60c6",
  "configHash": "48139296",
  "lockfileHash": "78f76fe1",
  "browserHash": "f2ca6760",
  "optimized": {
    "@angular/common/http": {
      "src": "../../../../../../node_modules/@angular/common/fesm2022/http.mjs",
      "file": "@angular_common_http.js",
      "fileHash": "eda0952b",
      "needsInterop": false
    },
    "@angular/core": {
      "src": "../../../../../../node_modules/@angular/core/fesm2022/core.mjs",
      "file": "@angular_core.js",
      "fileHash": "daafe8ef",
      "needsInterop": false
    },
    "@angular/forms": {
      "src": "../../../../../../node_modules/@angular/forms/fesm2022/forms.mjs",
      "file": "@angular_forms.js",
      "fileHash": "66943624",
      "needsInterop": false
    },
    "@angular/platform-browser": {
      "src": "../../../../../../node_modules/@angular/platform-browser/fesm2022/platform-browser.mjs",
      "file": "@angular_platform-browser.js",
      "fileHash": "3eb8072f",
      "needsInterop": false
    },
    "@angular/router": {
      "src": "../../../../../../node_modules/@angular/router/fesm2022/router.mjs",
      "file": "@angular_router.js",
      "fileHash": "5d94fee1",
      "needsInterop": false
    }
  },
  "chunks": {
    "chunk-COOECXAM": {
      "file": "chunk-COOECXAM.js"
    },
    "chunk-VLTM4UXF": {
      "file": "chunk-VLTM4UXF.js"
    },
    "chunk-IHY6KVBB": {
      "file": "chunk-IHY6KVBB.js"
    },
    "chunk-R6U7IGMG": {
      "file": "chunk-R6U7IGMG.js"
    },
    "chunk-PVOITZL7": {
      "file": "chunk-PVOITZL7.js"
    }
  }
}